0,1460,5046
0,1510,BNS-8068-1
9,920,2093-2
1,2080,6012
0,1850,6013
0,1620,6014
0,2220,6015
2,3250,8054
1,780,9012
0,1340,6006
0,1130,BNS-8008
0,1550,8009
0,2080,BN-8067
2,1550,BNS-8030
0,560,7001
17,380,13002
51,200,7901
9,200,7901-3
11,350,7905
0,330,BN-7939L
0,200,7919
107,400,7933-1
8,370,SM9036-G
4,390,7936-2
1,310,7937
0,200,4211
0,970,BN-4032
0,1120,LC2042-1
0,1850,4810013
0,1620,4810016
0,1620,LC1003-2
1,2200,8046
11,1740,8058
1,1250,4007-1
0,950,4007-2
1,1250,2007
0,1210,6028
1,1460,2079
1,900,3043
3,810,2006
1,1290,2087
0,1320,BNS-1015
0,1410,9007-2
1,730,4033
5,1350,1097-2
0,1320,9037-B
0,1660,9038-B
0,1660,9038-R
1,1080,9047
10,2400,8130
3,1750,8107
0,1150,BNS-8047
0,1770,BNS-8051-2
0,1100,BNS-2016-2
0,580,4035-2
0,580,BN-4035-1
0,1000,LC2044-1
0,1000,2006B
0,1880,0254-1
0,1750,012-B
0,1290,0255-2
0,1410,LC5004-1
0,1410,LC5004-2
0,1290,5050
0,1290,5011-1XL
0,1680,5033
0,1290,5033XL
3,1800,8049
0,1430,BNS-8006
0,1180,8038
0,1180,2062
0,1180,2088
0,1140,45-2051
0,1180,2088Т
0,1100,2039
0,1180,64-1011
0,1060,8036
0,990,86-1004
0,970,28-20063
0,970,42-1017
1,970,4045
0,1990,m04
0,2020,m12
0,2020,m10
0,0,m13
0,810,LC2031
0,840,BN-8041
0,2040,BN-9017
0,1620,LC9015
10,1350,8108
6,1950,8109
0,2090,BNS-9043
0,1560,9046
0,260,LC7402
0,260,7413
0,1060,BN-4046
2,1750,8033
0,1030,BNS-4018
1,1370,6087
0,1370,6087-Т
0,1390,1014
4,1700,8002-2
2,1550,8082
8,1700,8002-1
4,1750,8007
0,1190,44-2011
0,1340,92-1011
0,1010,95-1022
0,1250,35-50012
0,1180,35-50014
0,1030,44-2020
0,1400,45-2027
0,1030,47-1030
0,1030,47-4013
0,1010,71-1026
0,1210,73-1019
0,1010,95-1011
0,1340,97-0022
0,1340,98-1010
0,1340,98-1022
0,1210,98-1035
0,1010,95-1032
0,760,4026-1
0,1010,97-0032
0,1100,2027
0,1410,9007
0,1060,LC2041
1,1000,3286
2,1180,711022
0,840,711023
0,810,421013
0,640,LC3015
0,1210,741007
0,1340,981035
0,360,Z3
0,310,403R
0,270,4208R
0,390,5034
0,330,BN-1312
4,390,5045
0,840,2003
0,1240,3042
0,1010,37-30045
2,3200,8120
0,1620,8217
0,1950,SC80911
0,1830,BN-8093
0,860,1628
3,1200,8039
0,1060,2022
0,1030,SC3035
0,1210,SC3040
0,0,9038Т
2,690,9024
0,0,9070а
0,550,9124
0,1100,2016-1
0,750,BN-9026
0,280,9038
0,1150,8084
0,2720,"бв 22"
1,2100,8055
2,2150,8013
1,1340,"бв 29"
0,2120,"бв 38"
4,1480,8125
0,1360,"бв 79"
0,1710,"бв 86"
0,1680,6005-2
0,2410,11234
1,3300,"WP 152"
1,3140,"WP 153"
0,1100,BNS-6053
0,2120,"KY 51"
0,2120,"WP 08"
0,2180,"WP 128"
0,2800,"Ьа 12"
0,1640,BN-2096-1
0,1210,2097
0,1040,SC2038-B
0,1040,SC2038-P
0,760,BN-1309
0,960,SC2085
0,1060,SC3021
0,680,SC3011
1,1400,SC6087
0,1510,SC6010
0,1390,SC6012
0,1370,SC6087-B
0,1390,SC8107
0,1530,SC8004
0,370,SM9041
0,210,7506
0,2440,M94113
0,1650,M94114
0,1620,M94116
0,1690,M94117
0,2630,M94125
0,1620,1012-1
0,560,7001-3
0,960,7957
0,1850,LC8087
0,1060,7920
0,340,LC7928
0,920,7943
0,840,7950
0,990,7951
0,870,7972
0,1100,7960
0,1400,LC6019-2
0,1400,LC6019-1
-3,200,7918-2
0,1340,1018
0,1170,5055
0,1400,Ьа25
0,1620,Ьа21
0,1620,MR18
0,2070,CT125
0,1290,8063
0,1010,3006
0,1990,M94103
0,1230,в94307
0,2070,Ь94136
0,1540,б94228
0,1540,б94229
0,1710,в94301
0,1710,в94302
6,1520,8035
0,2300,SC8063
-1,1510,SC9059
0,1740,LC2055-1
0,1230,SC9020
0,1620,SC9058
0,1570,SC9060
0,1620,BN-5294
0,1680,BNS-8115
0,1550,SC8090
0,1760,SM1632
0,1520,1633
0,1810,SM1638
0,270,BNS-9005-1
0,290,BNS-9005-3
0,370,SM9036-B
0,390,7932
0,1340,SC9055
0,1110,LC2014
0,1340,LC8069-2
0,1290,LC8016
1,1560,832
0,1700,LC8028
9,1060,8065
0,1470,8073
3,2250,8005
0,2490,BNS-8110
18,1860,8076
1,1850,8090
0,1290,BNS-8001
5,1750,8091
0,1150,LC2040
0,1230,LC2043
0,1120,LC2042-2
1,1450,LC5027-1
3,350,7905-5
1,980,2051-1
0,1060,LC2051-3
0,1060,2051-2
0,470,LC1025
0,1510,LC5003-1
0,1770,LC0465-2
18,400,7916-2
0,540,LC4024
0,1110,BN-2064
14,350,13003
0,5360,1
0,5500,3
0,2640,4
0,5150,5
-1,0,n1
0,2260,8085
0,1400,BNS-5012
-1,0,11
-1,0,13
-1,0,14
1,3580,15
0,6840,16
0,15330,17
-1,0,18
-1,0,19
0,5030,21
0,3920,26
0,10490,24-1
8,1950,8126
1,2120,4524
0,1860,8118
0,760,SC3074
0,1290,2092-2
1,1410,5076
1,560,9035
0,690,BN-4066-2
0,690,SC3073-P
6,780,BN-11025
0,500,SM3502-A
1,1100,4002
0,1750,BNS-8207
2,1920,8117
0,1010,BN-2095
0,1180,BN-3004-2
0,1400,LC6017
0,1670,BN-6035-1
0,1720,BN-6033
0,1340,BN-2036
0,1510,LC2055-3
0,1790,BNS-6036-2
0,2760,8103
0,1510,BNS-8123
6,2350,8128
0,1550,2066
0,2070,Ь94135
0,1370,Ь94106
0,1370,Ь94107
0,1490,Ь94112
0,1390,б94205
0,1340,б94210
0,1340,б94218
5,2980,1209
0,1870,Ь94120
0,1530,Ь94126
0,1530,Ь94127
2,620,94220
0,1700,б94226
0,1700,б94227
0,1290,Ь94139
0,1290,б94235
0,1410,б94236
0,1530,в94313
0,1100,BN-1035-1
0,5830,204
0,1230,307
3,1060,7017
1,3350,305
0,1640,BNS-8234
0,4700,
0,5580,
0,2460,
0,1620,LC1012-2
1,950,2033-1
0,1640,2033-4
0,1640,2033-5
0,1510,LC2055-4
0,1460,2096-2
0,1800,8026
0,1230,BNS-8027
0,1760,LC8031
0,1660,8032
0,1180,LC8069-1
0,1710,LC8074
0,1700,8083
0,1060,LC8101-3
0,1660,BN-8129
9,1640,8131
0,2580,BNS-5001-P
0,1300,LC5017-3
10,360,BN-7933-2
0,1790,BN-6036-1
9,1050,6034-1
0,4030,
0,420,7004-1
14,420,7004-2
21,420,7004-3
24,150,7005
0,120,LC7006-3
0,180,7007-3
0,250,LC7008-1
0,250,LC7008-2
0,250,LC7008-3
2,900,81200
0,1230,BNS-81250
2,1900,301
0,1750,BN-8044
4,2200,1799
1,1520,8111
3,1750,203
1,1960,BNS-7103
0,1850,15017
0,1850,15010
14,2750,P71
0,1900,LC7114
0,1100,BNS-2034
0,1000,LC2044-3
0,2070,B-808
0,2280,Р022
0,2580,Р028
1,1600,Р029
0,1110,BN-2085-1
0,1350,15001
2,760,LC7907
0,1100,LC2105-2
0,1330,BN-8077
0,1500,BNS-8079
0,300,LC7009-1
0,300,LC7009-2
0,250,LC7010
0,1570,8045
5,1640,8086
13,1550,8106
1,1600,BNS-8158-1
0,1600,BNS-8158-2
0,2020,BN-5050
9,1340,8165
0,1250,LC3040
0,2710,4230
0,1810,LC8150
0,1550,BN-1265
2,1900,8190
0,1340,SL06
0,1510,37-30033
0,4260,
4,1850,8134
0,1290,BNS-7101
0,6870,708
0,5490,704
0,5040,715
0,1570,SC6096
0,1570,SC6096-B
0,1510,SC9074
0,1510,SC9074-B
0,690,7921
0,840,7924
0,2800,mp35
0,3080,mp16
0,3980,wp126
0,1100,ky53
0,730,ky79
1,1980,wp136
0,3220,PB75
0,4620,PB23
7,2630,11258
0,2630,ё31
0,4500,710
0,1640,504
0,2580,
0,3080,
0,2300,
0,3580,kz14
2,2200,BNS-8066
0,1620,LC8122
0,1840,BN-8141
0,1340,8177
0,1760,LC8184
5,1750,8186
1,1300,8188
0,1620,LC8196
4,1750,8209
1,1250,8210-1
0,1510,2038-2
5,1100,3093-1
0,1100,BN-4067-2
1,500,4067-3
0,1800,6034-2
0,1850,6038
0,1300,7124
0,1320,LC7132
0,2410,LC9051
0,920,BN-9011
4,960,LC9023
2,500,9024
1,680,7922
1,2440,8046P
0,2270,BN-8114P
0,1440,LC9008
1,2110,1264
0,1510,LC8167
0,1430,LC7127
3,2450,8037
3,300,7021
0,1430,LC2113
4,1480,7130
12,380,7918-3
0,1450,LC8117P
0,1810,1176
0,2220,CT176
0,2440,WP192
0,1430,2038-1
0,1510,2033-3
0,1660,11155
6,500,KY39
0,1060,KY33
7,500,KY20
0,970,KY32
0,0,603
0,0,606
0,0,608
0,0,615
0,0,620
0,0,621
0,2970,626
0,3330,636
0,0,639
0,0,652
0,0,659
0,1680,b036
0,1430,b037
0,2020,b038
0,2070,b039
0,1660,b040
0,2070,b041
0,1620,b042
0,2350,b043
0,1400,b033
0,2070,b034
0,1850,b034-1
0,1400,b035
0,2130,b028
0,1620,b029
0,1620,b029-1
0,1660,b030
0,1620,b030-1
0,1660,b031
0,1340,b032
0,2580,BN-7134
0,2800,kz44
19,1290,1204
2,2350,8152
0,1880,BN-1207-1
0,2400,BNS-11204
0,1990,BNS-1307
2,1740,BNS-8221
0,1850,BNS-1274
0,2120,BNS-1350
5,950,2047
2,1860,1189
0,500,BNS-4063
0,3000,BNS-6155
0,1960,BN-7125
0,1180,BN9050
2,2440,8218
0,760,BNS-13007
3,980,2111-2
0,1650,2111-1
0,1510,2111-3
9,980,2111-4
0,1110,BN2085-2
1,1970,085
7,1900,1191
0,1780,BNS-6140
0,2030,BNS-6137
0,1840,BNS-1202
0,1740,BNS-1203
0,950,BNS-3020-2
0,1850,BNS-6629
1,2100,1256
0,1660,BNS-1295
6,2250,8197
0,1900,1337
0,2110,BNS-15020
0,1880,1375
0,2090,8202
0,2220,101-10018
0,1780,16-0005
1,1290,16-0006
2,1650,16-0017
0,1650,16-0018
0,2130,16-0019
0,2500,16-0023
1,2130,16-0024
4,970,31-5009
0,4030,BKM-10
0,4030,BKS-060
0,-0,34567
0,4090,A970
0,2460,9009
0,2800,F3400
0,2690,F3402
0,4370,F3409
1,2460,F3432
0,2670,F3457
0,2490,F3470
0,1860,BNS-1303
6,1880,8214
0,1390,BN-8092
0,1880,BN-8173
0,1770,BN-7104
0,2740,BN-7122
0,2780,BN-7128
0,1850,BN-7120
0,2120,BN-7133
20,1950,15016
0,1850,BN-7143
0,600,7022
0,1850,BN-8157
4,2400,8220
0,1850,15027
0,1700,BNL-7116
0,1450,BNL-7123
13,1740,7151
0,3500,3232
0,3300,BNL-7165
0,1670,BNL-7161
0,1590,BNL-1103
4,1450,8453
0,1840,BN-1305
0,1840,BN-1306
0,1770,BNL-71047
0,2270,BNS-15046
0,2040,BN-4029
0,2300,BNS-5038-3
0,1770,BNL-4200
0,2300,BNL-4196
0,2300,BNS-5038-2
0,2200,BNL-4198
0,4030,KM11
0,4030,KM44
0,290,ZW-66-305
7,320,45-2031
0,1960,103-1004
0,2130,102-10101
0,950,16-0004
0,1100,97-0024
0,2220,101-10018
2,1290,9-3073R
2,1290,9-3073
2,950,12-0039
0,1210,15-0016
0,1370,1-0011
2,1100,9-3084
0,1790,79-1053
1,1250,16-0022
0,950,WR-45
4,1980,8061
0,1850,BNS-8010
2,1900,8024
2,1340,8208-2
5,2200,8212
0,1340,BNS-8179
0,1850,BNS-8146
4,1860,8219
2,1410,8213
1,2200,8181
2,1850,8164
1,1850,8200
0,2420,BNS-8203
0,2080,8160
1,1670,BNS-8226
0,1880,Ь91006
0,1320,3049
0,1100,4002
0,840,BNS-4038
0,1100,BNS-4067-1
0,1510,BNS-2033-2
1,1450,2084-1
0,1340,BNS-2084-2
0,1850,BNS-8223
0,1740,2107
0,1570,2010
0,1880,BN-7001
1,1080,097
3,550,9049-6
0,1050,9054
0,1400,BN-905
2,860,4053
2,1250,8210-3
0,1510,2038-3
1,1080,9047
1,960,BN-9051
3,1100,9032
0,1640,BN-2099
0,1620,BN-1136
0,1430,BN-9046
0,2080,8230
14,1550,8229
10,1500,8216-2
12,1500,8216-1
0,1180,BN-7015
21,840,7018
0,1660,BN-7126
0,1510,BN-2033-2
0,310,9095-1
12,200,7918-2
0,3250,303R
0,1100,333
0,850,111234
10,1030,"BNS -2009"
0,3580,719
3,2950,716
0,6890,718
0,5040,F715
0,6500,713
0,2130,303
0,5620,WP210
2,1850,WP2111
1,5490,701
0,2060,BNS-8070
2,2260,1314
0,1420,051
3,1860,5048
2,1880,BN-030
0,1890,BNS-8244
1,2450,8243
2,2550,8242
0,1780,BNS-8239
0,1900,BNS-8237
2,2350,8236
1,2450,BNS-8235
0,2080,BNS-8232
0,1900,8231
7,1460,8227
9,2200,8225
0,1680,8224
4,1650,8205
0,1520,BNS-8195
1,1250,2118
0,1230,BNS-6042
2,1340,8194
1,2150,8246
0,1750,BNS-9057
0,2370,BNS-5029
0,2120,6206
1,2360,8187
0,2260,BNS-8192
0,2550,8245
0,1970,BNS-8240
0,2950,8238
12,1950,2009
0,390,BNS-7417
0,280,BNS-7420-2
0,390,BNS-7428
0,1970,4058
0,2740,803-B
8,1300,6198
3,1760,BN-9245
0,2600,BNS-5056
0,2640,BN-80054
0,1900,5072
0,2580,BNS-5044
0,1140,б-810
0,1110,BN-1220
0,1860,BN-5016-3
0,1330,BN-2067-1
0,2080,091-2
0,1450,2091-3
0,1670,2129
1,1300,6050
1,620,BN-2080
1,900,2130
0,2740,bn2
2,320,4117-2
12,2100,8023
1,1290,8043
1,1850,BNS-9014
0,360,BNS-7972
2,1350,8233
0,310,BN-7937-1
0,1790,09002
0,1560,09007
0,2120,BN-69
3,850,831
1,650,BN-5
0,3340,BN-150
3,1750,1002
0,810,BNS-4004
0,580,BNS-4035-3
0,580,BNS-4035-4
0,760,BNS-4027
0,960,BNS-40681
0,1210,BNS-2052
1,320,4064
2,1400,8034
9,1230,1446
0,2200,8269
0,2420,8275
8,800,8312
0,1770,8147
0,1930,8292
0,1990,BN-4030
2,400,7953
0,1060,BNS-4087-1
0,1060,BNS-4087-2
1,750,4086
0,960,BNS-2110-3
0,960,BNS-2110-2
0,960,3318-1
1,780,2121-3
3,960,3318-2
0,960,3319
0,1100,BNS-1035-2
0,1080,BNS-2128
0,1640,2033-6
0,1430,2131-3
6,890,3334-3
5,980,2131-2
6,860,2083-1
6,780,2083-2
0,500,BNS-4063
0,1330,2067-2
0,1100,BNS-1024
12,420,7524-1
0,540,7524-2
16,420,8025-4
3,540,7524-4
0,1100,4009
0,950,BNS-2124-2
0,1030,BNS-2124-3
0,1390,2091-1
1,890,2126
0,920,BNS-3033
0,690,BNS-4091
0,560,4092
0,250,BNS-7527
26,360,7905-2
13,400,7916
20,300,19022
0,380,19025
0,2320,BN-5010
0,310,BN-2050
2,1500,BNS-5017-3
0,1930,BNS-5057
0,1720,BNS-5045
0,2390,BNS-5062
0,2910,BNS-5063
3,980,2133-1
0,1110,BNS-2133-3
2,1250,2134-1
0,1340,2137-1
0,1210,BNS-2137-2
0,1340,2137-3
6,990,2138-1
3,900,2138-3
0,1790,BNS-6057-2
0,1790,BNS-6057-3
0,1770,9060
0,1930,8252
0,300,BNS-7014
10,960,8282
0,2200,8262
0,390,BNS-7533
10,400,7981
1,810,7019-1
12,810,7019-2
8,1050,8251-1
0,1510,8251-2
0,250,BNS-7941
0,940,BNS-30433
0,730,BNS-7535-1
0,730,BNS-7535-2
5,1480,8255
1,1370,BN10255
0,1740,BN10257
2,450,4096
2,470,4097
0,660,BN-4179-2
0,660,BN-4179-1
0,1210,BNS-6046
0,1860,BNS-8270
0,1570,BNS-8249
0,1080,BNS-2143-1
0,1080,2143-3
0,3340,"A 2006"
6,3120,1441
2,3250,1443
3,2750,4167
0,2220,1403
0,390,BNS12
0,1810,BNS-8274
0,1660,BNS-8080
0,1850,BNS-6058
0,1790,BNS-6060
0,1880,BNS-8259
0,990,3051-2
0,990,3051-3
12,780,2125
0,970,BNS-3060
0,1000,BNS-7011
0,1000,BNS-2154
10,850,4167
6,1060,8260
1,1760,BNS-5002
5,720,4166-1
8,720,4166-2
0,1210,BNS-2134-2
6,400,7916-1
0,310,BNS-7916-3
16,350,7980-1
1,1550,8265
0,1770,9063
0,1500,9062
0,1100,BNS-8291
2,500,4112-1
3,500,4112-2
0,1110,BNS-4103
0,1250,BNS-3044
0,1100,4125
0,770,BNS-4123
3,520,4118-2
3,520,4118-1
0,1330,BNS-2067-3
0,870,BNS-2145
0,2740,BNS-8247
0,1620,BNS-8271
0,770,7019-3
0,2310,B-8006
0,1680,B-8034
0,2180,B-27915
0,2180,B-30499
0,2350,B-69422L
0,2020,"B-69422 S"
0,2020,"B-69422 R"
0,2530,B-018
0,2530,"B-018 B"
0,2530,"B-018 R"
0,2220,B-045
0,2220,"070 B"
0,2220,"Р 070"
0,2200,Т-808
0,3340,B-810
0,2220,B-819
0,2220,"B-819 F"
0,2220,"B-819 W"
4,1860,BNS-5068
0,2220,BNS-5065
2,1550,B046
2,500,4068
1,940,2091-4
0,280,9084
0,310,7971
0,320,BNS-7939
0,340,BNS-7929
34,360,BNS-7915
1,1500,BNS-5064
4,1650,5069
0,2180,5026
8,2450,15056
0,1200,7150
2,850,2160
0,1530,2171
0,1110,BNS-3064
0,870,BNS-3063
0,1050,BNS-4122
1,1340,8267
0,3200,8273
0,1700,BNS-8256
0,2460,BNS-8263
7,1650,8301
0,1860,BNS-8276
0,1520,8303
3,1620,8258
0,1190,BNS-8307
0,1430,BNS-8285
3,1650,8298
0,840,BNK-1
0,1230,BNK-2
1,1430,BNK-4
1,1510,BNK-5
1,1900,8304
0,2060,8284
8,1450,8297
9,1450,8283
0,670,BNS-8268
0,1500,BNS-8261
0,1790,BNS-8264
0,1420,BNS-9065
0,1110,4133
0,1230,4134
11,1750,1548
9,1650,8289
0,1230,8286
0,750,BNS-3065
0,940,BNS-4135
0,720,4130
0,1030,BNS-2158
0,2070,JK1
5,730,3372
4,810,BNS-2156
0,1060,BNS-1031
0,990,BNS-1037
0,1390,2139-2
0,960,BNS-3066
0,1790,BNS-7114
2,2250,1592
0,2200,8345
0,1900,BNS-8340
3,1850,8322
2,2100,8323
7,1550,BNS-8331
0,1770,8326
0,2460,BNS-5071
1,990,8321
0,1430,BNS-2167-2
40,1260,BNS-8306
0,1140,BNS-8317
0,2970,8294
0,1100,7023-3
7,1100,7023-2
10,1100,7023-1
0,2970,BNS-8290
1,1600,BNS-8287
3,1850,8293
3,1600,8299
2,3150,8277
7,2650,8296
0,1100,BNS-2176
0,1840,BNS-2142-2
0,1840,BNS-2142-1
0,2420,BNS-8280
1,1500,5031
4,1400,8320
9,1380,6225
4,1450,6226
0,1660,BN-11078
0,1690,1674
0,1990,1678
0,2530,1487
2,2250,1682
4,430,BN-13008
6,2100,1479-1
7,1450,3142
3,2350,1639
0,1840,BN-1676
1,1620,BN-11180
0,1660,BN-1671
0,1460,1587
11,870,11121
0,1850,BN-1680
0,1660,BN-1685
0,1970,1687
0,1860,1440
0,2690,BN-1451
6,1940,1455
4,2600,1466
0,1850,1567
2,2450,BN-1627
4,950,1509
2,3550,8250
0,540,B-9006-3
0,840,BNS-81250-3
6,2080,BNS-8351
2,1990,8314
0,1650,8300
0,1640,8349
4,1300,8316
0,1960,BNS-8342
3,1650,8327
7,1600,8335
0,1590,8180
0,1660,BNS-8288
47,1740,7157
0,1960,BNS-7158
0,2080,BNS-7153
0,2460,BNS-7154
0,1750,BNS-7156
0,1230,215095
0,1080,BNS-7159
5,1400,BNS-5075
0,2800,1680
0,2520,BNS-5073
0,1180,BNS-2181
0,1100,BNS-2179
10,990,8313
2,990,8350
39,450,9119
9,2410,8360
1,2870,8357
0,1290,BNS-7032
0,2070,BNS-8278
6,2350,8353
0,2200,BNS-7152
17,380,9095-4
37,380,9095-8
10,380,9095-3
4,2200,P11221-2
26,680,9117
0,200,9127
3,890,2093-1
0,1970,1720
2,1950,15061
5,2900,P130
0,2070,BN-15068
0,1290,BN-15069
0,1680,15085
0,1100,P150
5,2350,BN-15090
3,1680,BN-15084
0,1300,15081
5,1850,1462
1,2200,8352
0,2150,BN-1433
0,1990,1406
5,1750,5078
1,2600,1442
7,2100,1479-2
0,2200,1495
2,1900,1491
0,1960,1702
17,400,9111
0,1100,BN-5046
0,1570,1404
0,1340,1458-2
3,2450,1705
0,1250,1622
12,870,3400
0,1970,1721
0,3300,BNS-7155
23,800,1212
3,1950,20099
0,2060,BNS-7165
0,1790,7164
0,2180,BNS-7163
0,2630,15103
0,2200,BNS-15035
5,960,BN-3384
1,1640,15066
0,1250,BN-15064
0,2130,BN-15083
0,1970,BN-15082
0,2410,BN-1588
0,2350,BN-15094
0,2630,BN-15087
4,2580,P098
0,250,BN-13032
0,750,13034
4,1550,8347
0,1750,BNS-8336
0,2180,BNN-02
0,1280,BNN-06
1,1450,11107
0,1890,BN-1719
5,2700,1718
0,1860,1527
6,1440,1549
0,970,BN-3358-1
2,1290,1510
2,1500,BNS-803-R
5,1250,JR2
0,1850,BNM-9512
0,1680,BNM-5964
0,2070,BNM-JR0004
0,2070,JR25
0,2520,4266
3,2260,1493
0,1750,BN-1492
0,2330,1451
1,1750,BN-1610
0,1750,BN-1463
0,1640,BN-1713
0,1750,1716
0,1410,BN-1508
2,1530,BN-1686
0,1890,BN-1437
0,1740,88024
13,1340,1435
2,2600,14-42
11,480,3399
0,1100,BN-3343-4
1,3200,1452
0,730,BN-4179-3
0,3140,6236
1,1680,11209
0,1900,BN-11233
2,1800,6229-1
3,1800,6229-2
2,200,7919-2
0,1880,BN-6203
0,810,BN-3398
1,960,BN-3397
5,1400,BN-6186-2
4,1050,BN-8006
5,1640,8343
6,980,8362
3,1250,8361
22,850,8356
0,1400,BNS-2175
3,870,2122
8,400,7996
38,360,7999
16,400,7993
39,310,7991
1,1950,2177
0,1110,BNS-2180
0,2120,1717
1,1060,3404
0,960,1729
5,780,BN-3208-1
0,970,BN-3208-2
2,1850,1725
0,1100,BN-4190
0,1100,BN-3039-2
0,1330,BN-2034-2
0,2630,25251
0,1510,BN-1547
4,1650,BN-1661
5,1620,BN-11043
1,1500,11215
0,1770,BN-6161-4
0,1770,BN-6017-2
1,970,BN-5086
0,1080,BN-3274-1
0,1190,4121-1
2,720,11205
0,1400,3242-4
1,1050,3242-5
0,1060,BN-3392-1
0,1750,11023-1
1,810,3396
0,1100,BN-3395
0,920,11218
3,480,N4118-2
0,1190,4121-2
0,3580,LS-12
1,7500,sw-12
0,620,bl-02
0,620,BL-02-B
1,700,BL-17
0,1060,BG-01
0,1100,NC-44
2,750,BNB-25
0,2600,31188
20,550,2333w
2,1450,6012
1,1400,8912
0,1810,BN-69422
1,1560,9423
0,2040,BN-045
0,1990,BN-6249
1,1450,BN-807
1,1400,BN-6223-1
2,1290,BN-030
0,2080,065
5,1300,N101
0,1790,BN-101B
-1,2450,N006
0,2060,BN-818-R
3,1500,BN-015-P
0,1970,BN-015-B
0,2080,BN-819
0,2070,"BN-808 P"
2,1560,8034W
0,280,BN-7426
0,250,Т-46
4,500,Т-41
9,500,Т-71
0,280,Т-25
0,300,Т-17
0,180,Т-24
0,180,Т-23
0,390,B-61
0,520,B-72
2,490,0093
0,630,BNS-7546
0,630,BNS-7553
0,630,BNS-7548
0,630,BNS-7550
3,970,2012-1
0,2070,JR7
0,3080,X091126
7,1750,BN-15005
0,2760,16983
0,2530,55052
0,2740,25252
0,2180,25254
2,2220,2513
0,800,1038
0,2070,2571
0,2220,25138
0,3580,25140
0,2220,25176
0,2120,25192
0,2180,25208
0,2220,2529
0,2180,25240
0,2180,25241
0,2410,BN5
0,2410,123
0,2300,124
0,2530,6178
3,1350,6175
7,1850,4123
0,1850,4186
0,1750,1309
0,1790,6003
0,1640,4256
1,2350,4183
0,2410,6170
10,1460,4377
0,1880,3185
0,1340,3283
0,1460,3277
-1,2080,4195
0,1620,4311
2,2760,6172
1,1350,3242-1
1,1080,3031
1,950,3092
0,1570,9002
1,3580,200004
0,1550,1258
1,2250,1531
0,1840,1733
2,1850,1675
4,2200,1485
0,1230,1234
0,1750,11036
0,1620,30015
0,1510,111035
2,1520,30009
4,2150,1142
1,1460,1271
0,1300,1144
0,2870,110
4,1080,280079
0,2420,111048
8,550,210073
1,1980,11220
4,2200,1722
1,840,4233
0,1880,1732
0,1490,1248
0,1640,1245
2,1460,3422
0,1970,9005
2,1680,111049
2,1750,1524
3,780,3617
8,1500,11257
10,2350,1474
5,780,3418-1
2,1080,3418-2
0,2220,1424-1
0,2220,1424-2
0,1610,1460
2,1610,1432
3,1640,1458-1
0,2530,1413
0,1840,1613
0,1810,8348
0,1740,8315
0,1880,1408
5,1590,1753
1,1980,6212-4
2,1980,6212-5
5,1980,6212-3
0,2370,6212-2
4,1400,6192-4
7,1280,6189
4,970,3426
0,1000,3427
2,1320,3411
4,1340,3402
5,900,3407
0,1190,3415-1
0,1230,3390
4,1600,11157-2
1,1680,11214
4,1460,3380-2
3,1460,3380-1
0,1780,11256
1,1010,3419
4,960,3431
0,1300,6160
2,1250,1154
4,780,3381
2,1300,12084
2,1300,12085
0,1190,3415-2
8,780,1278
14,1230,1756
7,380,9095-2
7,740,3114
14,380,9095-7
0,2200,09639-1
5,780,3406
6,1350,1507
6,900,1646
5,900,1645
0,1100,3414
1,2450,1566
4,960,1240
2,1250,1123
0,1320,3451
1,1850,11127
0,830,3106-3
0,1850,8095
0,3150,1425
1,1350,1389
1,1150,110059
0,1110,4105
0,1320,3410
3,1080,3393-1
0,830,3106-2
3,850,5070
1,1750,11235
7,1380,6191
2,1460,11216
0,1080,3393-2
0,1110,4119
0,850,5084
6,960,4221-2
8,960,4221-1
1,1300,1644
0,1080,3450
0,960,3092-1
0,960,3440
4,1210,3434
0,1080,3441
0,1300,3435
0,1410,6093
2,1410,3432
0,1410,12066
1,2530,1385
2,1560,1282
0,1520,3265
8,850,3157
0,650,1165
0,1080,280083
0,1080,280082
5,2850,31188r
0,2740,15006
1,1960,4223
0,760,3076
1,2150,14086
8,1450,4397
1,1900,4293
0,1640,4003
4,1880,4372
2,2150,4362
8,1550,4405
6,1750,4399
8,980,3227
7,1450,4177
15,1080,m32
10,780,M132
7,3160,4239
7,1350,5137
0,2900,4164
6,1360,4383
1,2560,6178-2
3,890,3307
1,2420,4407
5,1300,6180
6,990,3308
1,1750,3298
0,1300,3136
6,2760,6177
0,1030,2029
9,560,5067
0,1410,6053
0,1410,Ь3299
3,890,3307-1
3,890,3307-2
1,2530,7003
2,1740,2018
5,500,5053
3,550,5149
0,1050,3263
0,1080,2020
0,1300,3322
0,1800,1022
0,1100,9292
2,1300,2136
0,1410,6009
0,850,3010
5,720,302-1
19,720,0003
68,350,7940
25,400,9180-1
53,350,9137
40,420,7975
1,550,2333b
0,440,2333p
4,1520,15086
0,1990,15040
1,1420,15071
9,1950,15096
15,1650,15065
0,1860,15050
1,620,9126
0,150,9124
0,360,9129
0,1450,324432
27,1010,8370
2,2200,1755
6,2760,1752
0,2760,1714
1,3500,32323
0,2910,31312
5,3950,20111
0,2530,1148
3,2760,40567
5,2740,40569
3,950,19026
11,360,7989
2,2640,71312
0,2460,312010
1,670,11211
0,2970,38291
2,800,21123
14,450,4545
13,1700,8408
5,2200,8396
3,2200,8339
1,2350,8418
15,1900,8395-1
0,2460,8390
2,2450,8363
4,1990,8386
3,1950,8371
0,1750,8400
5,1300,8380
3,2750,8404
0,1750,8405
0,1900,43013
1,2350,8381
8,2100,8384
6,990,8367
8,1290,8393
9,1150,8372
8,1800,8391
0,1900,8392
48,280,511
8,600,Ь333
0,170,334
0,200,335
0,440,337
0,390,338
0,2150,1797
6,1450,1761
13,1230,1766
3,2910,33946
0,390,555
0,2180,9473
0,7380,7777
0,730,387
0,310,888
17,1350,14467
18,1680,8471
9,2970,14418
0,2100,3842
0,5330,P600
0,400,PR385
0,280,PR386
0,310,PR387
0,2070,PZ3231
10,870,P21124
6,850,P21125
0,2520,PZ2880
0,2520,PZ2881
0,1620,443
9,2150,448
3,2230,447
10,3250,783
0,2350,P2885
4,3450,524
0,2160,PZ4046
0,3090,P2670
6,1900,45-25
3,2630,P4030
1,1500,013
0,1960,P4073
1,1550,PZ3848
1,2870,P4848
0,2420,175
1,2400,173
1,2500,178
0,2200,176
12,1580,177
8,1950,179
10,1700,167
13,1240,163
0,2800,166
3,1760,172
5,1670,186
0,1300,171
0,2980,424
1,2240,413
0,1840,388
4,2860,426
13,920,416
3,1850,410
3,2250,389
8,1600,427
2,310,318
0,310,319
0,110,321
0,280,889
6,430,7808
40,380,7809
10,450,131
29,450,7810
4,1850,774
1,2750,P133
0,4200,887
0,1740,331
0,1500,500
7,1380,501
2,1640,P780
2,5500,P115
1,1850,P9732
0,960,P720-4
0,960,а720-5
2,1950,а820-1
1,4500,225
0,1410,а820-2
0,1300,а325
2,1080,а326
1,2530,а398
0,2530,а229
1,8150,20-225
0,2530,а229-1
0,2510,а470
0,1100,3093-2
14,720,4166-3
0,2980,347
1,3550,H001
0,3920,H002
1,9800,H003
0,17490,H004
0,3920,H006
1,3640,H005
4,860,734
1,400,Y300
0,5330,P601
0,5560,PZ700
2,2250,H007
0,1190,H008
0,-0,H009
1,4500,H010
1,2950,P155
0,2970,991
0,2500,P134
1,2200,P4022-b
2,2200,P4022-w
0,2080,PZ4070
0,2530,P4130
0,2200,H011
3,160,H012
1,2900,P6944
1,620,0161
0,2200,PZ2011
0,6310,H012
1,2800,P2012
0,2200,P602
0,2200,PZ603
1,2200,P604
4,2450,P605
8,740,4172
20,740,4239-1
44,480,4254-2
14,480,4254-3
8,520,4247
30,340,4240-4
25,340,4240-6
28,340,4240-1
25,340,4240-2
27,340,4240-5
24,340,4240-3
27,720,4242
12,580,4236
29,360,4245-1
0,1640,4447
0,1110,H013
0,1110,H014
7,130,H015
4,960,H016
0,390,H017
0,45000,H018
0,-0,H019
0,1860,6052
5,960,2009-2
45,730,7055-1
36,730,7055-2
40,730,7055-3
49,730,7056-1
32,730,7056-2
45,730,7056-3
0,0,H020
1,-0,H021
2,1410,P279
5,450,0530
2,390,0522
6,450,0520
5,450,0518
5,450,0519
5,450,0512-3
10,450,0512-1
7,470,7585
4,470,7583
2,450,7564
0,520,7550-2
0,520,7550-1
34,380,7992
0,310,9095-6
9,430,7999-2
31,320,9095-5
42,400,9138
0,500,PL385
0,1140,M123
3,2200,8398
9,1450,406
1,1850,463
2,2250,8421
7,2200,8423
19,1700,8402
0,2200,806
0,290,H333
0,200,H334
28,400,7806
3,390,M345
0,0,
0,1460,8411
1,2300,8431
15,780,2252
3,2200,378
1,2450,8382
0,2530,8425
7,400,PR388
3,1060,0104
0,520,H031
0,850,H033
3,850,H038
358,180,M035
1,390,H032
4,45000,
1,7500,K345
1,6500,P158
0,2220,P159
0,740,K111
0,41340,B135
2,8900,P212
17,200,H039
1,320,H040
0,450,7826
7,720,7825
1,520,7827-2
14,450,7827-1
0,47700,B136
1,7000,
0,1640,Ь124
2,950,M126
5,1410,370
7,1960,512
6,900,220
6,1250,224
7,780,4156
1,1080,1062
21,420,7816-1
9,2350,P74
0,1780,73
1,1970,PZ122
0,5500,P138
1,3100,8403
11,1750,8409
0,1410,8470
0,1410,8451
0,300,70-41
1,300,70-42
1,300,70-43
12,300,70-44
5,720,7878
1,2350,081-Т
0,1510,081-G
1,2350,081-W
0,2080,082-B
2,2400,082-P
2,2400,083-H
0,2080,083-R
0,2080,083-W
0,2080,086-G
4,1860,362
6,1300,а-015
7,1300,а-016
0,380,316
2,450,0605
0,220,0613
0,310,0606
3,1500,5130
9,720,4181-2
0,200,7527
0,2760,Э25
2,2200,P214
0,2070,P78
2,4200,0112
0,1460,H057
5,320,H087
0,2900,P567
0,2760,P789
5,2220,778
1,0,KV1
1,-0,kv2
1,-0,KV3
1,-0,KV4
2,3090,1787
9,590,12121
3,3320,S455
4,1870,88520
0,2360,4508
3,2450,4569
0,1860,S4533
4,2500,P131
4,2560,1927
0,2530,4445
6,2100,4546
2,2400,S4545
5,1590,4001
0,1970,1866
0,3090,G1819
1,2900,G1820
8,2200,G1924
3,1750,G1949
3,2300,G12094
2,2870,G12095
6,2450,G1945
9,1520,G1938
0,1940,G1935
7,2200,G1864
4,1950,G1929
1,2400,G952
0,2870,G951
2,2100,G904
3,2640,S4556
0,1970,S4490
0,2080,S4550
4,2200,P606
3,2180,P130-1
2,650,DL01
1,650,DL-02
0,620,DL-03
0,1940,1941
0,2420,1800
3,2250,1903
6,1850,1898
0,1640,4482
10,1350,1937
2,960,3233
0,400,PR890
4,450,PR892
1,2460,1901
6,780,7923
3,1380,HU637
3,1200,HU100blk
5,760,HU1005
5,760,HU1002
3,1300,3233-1
0,5150,H060
1,6500,P386
0,3200,PZ480
0,2900,PZ833
0,2910,PZ787
0,3250,P328
0,1520,1846
3,1200,HU102RED
0,890,HU002
0,2080,1954
0,1000,HU003
0,1970,1933
16,2910,1928
5,1850,4488
6,650,069
0,2200,4518
3,1350,6053-Т
3,900,34-41
0,3700,P767
0,1300,3435
0,1300,344
0,1250,3417
0,1410,3442
3,1250,3438-Т
0,1080,3438-W
0,1750,344-Т
0,1190,3303
0,1080,3031
1,1850,3333
2,980,390
1,10000,H234
0,2910,PZ222
0,360,PR893
1,-0,34567
-1,0,
0,4770,P338
3,990,3505
3,4500,2015-2
6,1960,4480
7,1350,4526
4,1250,3416
3,1400,3409
3,1410,HU670
3,1200,CL-102-а
0,1000,HU028
0,870,HU-7
2,1410,CL-108-P
3,1410,CL-108-B
4,1950,S2012
5,2200,4522
6,2200,4528
4,2250,1936
6,780,3454
0,2310,4013
0,85000,H077
4,450,HU63191
8,650,7560
6,2250,8477
6,1950,8437
8,2400,8478
2,1600,8552
3,2250,8480
4,1650,8492
5,1550,8493
10,2260,8505
7,1100,8436
0,35000,BT1
1,5500,BT2
3,1250,2328-1
3,1250,2328-2
7,870,2363
3,950,2333-2
2,1550,2333-1
19,300,70-49
0,300,70-04
13,300,70-45
0,300,70-47
0,300,74-53
0,750,70313
4,750,70338
11,750,70343
0,750,70308
4,750,70346
6,750,70316-1
1,750,70329
8,750,70301
5,750,70318
0,750,70347-2
5,250,7088-2
19,250,7088-1
13,440,7093
3,2460,8511
2,2200,8574
5,1200,165
0,960,7046
2,1290,25031
5,890,25003
4,990,25012
3,990,25030
0,1680,8340
1,350,P833-1
1,-0,H343
0,0,H654
0,21900,H878
1,13500,H8891
1,18000,H987
1,0,H445
2,0,H787
1,-0,H989
11,2980,P44
3,4200,3160
0,3500,P454
0,3920,P487
0,1200,P45
19,110,H787
0,7210,L320
0,15690,L381
0,2500,L322
1,4980,8531
0,8690,L323
1,1460,L382
1,5490,L343
0,10490,L454
0,3580,L767
0,3580,L766
0,7950,L799
0,19080,L565
0,4030,L453
0,2500,L0230
0,3020,L876
0,8060,L676
0,3580,Ф779
1,3800,L987
0,3100,L9871
0,3500,L788
-1,0,
-1,0,
0,0,
1,0,K35
0,50000,K36
0,48000,K37
1,0,K38
1,10490,H085
1,6000,H096
0,1500,8532
0,780,2240
-1,-0,H545
2,1860,6315
0,2130,
4,1850,5417
0,2020,
0,1900,
0,1750,
0,1460,
0,1970,
0,1900,
0,2420,8619
0,1570,
0,1680,
0,2200,5402
2,2100,1308
0,1300,
0,1460,
3,1980,5119
0,2070,1350
0,1340,
0,1230,
0,1570,
1,2150,8651
7,1500,Y841
0,1340,
0,1340,
0,5940,P999
0,1410,9503
0,1010,
0,1410,9505
0,0,
3,1750,9502
4,1960,9552
5,1850,53005
0,5040,P121
4,1300,4228
0,960,H051
0,1340,H089
0,390,A003
0,390,A567
9,2400,1920
1,1860,1844
7,2100,1967
10,1950,1863
4,1800,1932
5,1650,1953
3,1860,1957
3,2250,1874
1,2450,1914
0,1640,1194
0,1750,1982
10,1840,1977
0,1410,3613
8,1420,1980
10,2200,1978
-1,0,
0,3650,1966
3,3200,1958
4,1750,1926
2,2200,1884
28,420,7816-2
11,400,7815-2
9,400,7815-1
5,2300,1983
5,2530,1899
6,1900,4448
0,1860,1891
0,60,V001
1,200,PR003
2,480,PL387
2,440,G333
0,520,H1213
0,630,H75
2,500,H754
0,360,PR987
0,55,V002
3,260,V003
3,200,PR711
1,620,H504
0,60,V004
14,60,V005
5,2450,1968
2,2450,1969
0,1970,1973
0,3920,H8892
9,1860,1974
4,2200,1843
0,1970,1975-2
3,1670,1975-1
0,2460,1972
6,1960,1876
4,1950,1877
0,2460,6269-3
1,1650,1881
7,1980,1880
0,1900,1883
3,1790,1895
8,1240,1981
6,1550,1869
5,2250,1885
0,25,V006
5,25,V007
5,25,V008
0,1680,H909
0,2530,L3082
4,2910,L0155
9,3250,L1551
4,2250,L0246
4,1300,3626-1
2,1300,3626-2
3,1800,6310-2
3,2450,8534
6,2600,8468
0,2350,8558
6,1860,8483
2,2650,8530
1,2460,8375
10,2530,L1497
0,3580,L0041
0,1520,6113-3
13,960,008
1,740,0122
5,740,745
0,990,0169
0,1080,0172
6,2450,L0337
5,2150,L1417
6,3240,L0918
12,1850,L0249
6,2460,L1091
8,1600,L2745
8,350,98
1,4950,31555
12,500,40508
0,560,40523
5,560,40515
6,470,7730
10,400,7731
8,820,7748-1
3,820,7748-4
13,520,7084
0,2410,3619
5,2300,8545
4,1640,4185
0,2460,1411
0,3140,0752
10,1950,0344
0,1860,3278
4,3270,8564
13,300,70-07
0,300,70-57
10,300,70-62
8,450,0652
6,450,0656
0,25,V009
11,25,V010
0,25,V011
0,25,V012
0,25,V013
4,2300,12098
1,2350,8512
1,2600,9110
46,290,7988
1,25000,H345
-1,3090,650
2,450,79044
15,380,7821
37,220,7986
5,680,7796-2
15,400,79011
13,130,79042
4,990,7094
3,1100,7099
2,2400,6114
9,1380,5163-1
5,750,70302
3,750,73040
0,520,73030
7,750,73029
0,520,73028
0,520,73006
5,750,73007
0,750,73002
0,750,73003
2,4200,0113
0,1200,677
0,1200,678
0,1200,679
0,0,
0,0,
4,2400,1925
0,2420,5610
0,1680,9509
4,1740,1994
0,2000,5231
2,2200,8652
0,1860,7513
3,2760,8617
0,1640,5193
0,1520,8625
2,2820,б0043
4,3800,0192
8,2900,143
0,2520,2278
0,4140,1660
2,1970,1230
1,1970,8632
7,1800,15114
0,2530,1996
1,2200,1995
4,2180,2696
3,780,103
2,2250,1997
4,1850,1999-1
1,1570,460
1,1750,2338
0,3100,10620
2,5500,P115-B
2,960,1299
0,2020,5206
2,2250,8590
0,1300,236
0,1640,4094-1
0,1640,4094-2
0,1770,4094-3
0,1060,6061
0,620,21313
0,13040,60120
0,0,
0,7370,RU001
0,3300,RU002
0,3860,RU003
0,15890,RU004
0,2250,RU005
0,4420,RU006
0,4980,RU007
0,1110,PA001
0,1110,PA002
0,1000,PA003
0,1110,PA004
0,1850,ST001
0,2630,ST002
0,1900,ST003
0,2580,ST004
0,2180,ST005
3,1200,4104
0,1060,4139-1
1,900,4139-2
3,1260,11217
0,1400,11217-2
2,1620,6125
1,2740,KL001
2,1550,4139-3
2,890,849
0,2350,KL002
1,900,346
0,2970,KL003
0,1790,8114
2,1380,2609-1
1,1150,2668-1
0,2630,NE001
0,2690,NE002
0,13250,
3,990,367-8
3,990,367-7
1,990,367-3
1,1150,462
2,1450,450
0,25,V015
2,890,451-2
2,1990,4107
2,2860,2801
2,1960,9181
45,270,12882
1,1060,8555
1,1320,6123-W
0,390,0318
7,580,0319
6,25,V014
1,680,7796-3
0,1200,437
2,1680,612
2,1680,612-2
2,1620,615-1
1,1620,615-2
1,1620,6123-2
2,1620,6123-3
2,1620,6123-4
3,1620,614
1,1620,629
0,1620,618
0,1620,619
6,2500,137
0,1850,238
1,1900,440
1,2690,213
4,1950,515
1,1420,689
0,2460,542
0,1680,529
1,1550,441
0,1110,4603
1,1150,4608
2,2800,A015
2,1150,4098-1
2,1150,4098-2
0,1010,4109
0,3300,A002
0,2370,A439
0,3750,A606
2,1620,A664
2,2700,A722
0,1460,4124-2
0,4550,P3867
0,2800,H025
0,2200,A102
0,2070,A590
1,2890,A518
4,1060,6046
0,2020,5233
1,3700,A972
1,2530,A101
0,2200,A679
0,2500,A621
2,3190,A731
1,2800,A788
1,1770,A838
1,2410,A613
1,2860,A321
2,950,209
6,440,219
5,450,216
0,1740,026
2,1850,217
1,1850,217-2
2,1150,273
8,1900,P332
2,890,023
3,1300,024
5,730,312
6,1230,716-2
1,1620,6123-5
1,1650,021
9,550,210
0,2600,145
0,2070,148
1,730,H123
1,1650,129
2,950,306
1,730,924
1,730,372
4,350,823
2,960,513
2,200,0434
0,1300,267
1,1300,267-1
2,1150,273-2
3,2300,901
1,840,
2,1620,801
1,560,PR7798
1,2070,156
0,1900,715
0,2740,A104
4,2740,A317
0,2740,A546
0,2520,A535
2,3100,A103
0,2520,A215
1,3190,A131
3,2450,A553
0,730,127
0,2970,A591
1,3640,A607
1,620,532
0,0,
1,2630,A218
1,3140,A869
0,3190,A923
0,620,
4,670,516
1,620,634
4,590,633
1,620,H0145
4,400,A79
1,450,
3,460,
3,790,
20,840,
1,2970,A925
1,2970,A931
2,3080,Р662
1,1230,195
0,1110,A005
-1,780,A785
1,2950,A594
0,2100,A498
1,5540,A264
0,3200,A115
1,3200,A156
3,500,A922
0,730,A612
0,390,A319
1,840,
1,2800,A366
1,3300,A325
1,2970,A902
0,2860,8606
3,2580,8613
5,300,0763
0,3640,492
0,2350,631
1,3300,526
0,1900,900
2,500,38
0,3140,263
0,3190,8647
2,2600,8648
3,1450,809
2,2150,858
1,1790,125
2,1200,846
2,1050,021-2
2,1250,652
1,1450,846-2
0,2520,712
1,3700,992
0,2520,235
0,3300,730
0,2180,714
1,1850,8051
5,500,79043
0,1850,824
4,620,525
0,390,38452
3,620,525-2
2,850,
2,890,661
2,950,862
2,900,873-2
1,1550,873-1
3,1450,117
2,950,862-1
0,1340,0025
0,840,805
1,2460,706
0,1900,735
0,2220,Р685
5,1200,0164
3,1000,0174
3,1000,0173
3,1000,0105
0,2460,037
1,2800,528
1,2900,753
0,3020,884
3,890,003
3,1750,817
0,1850,816
1,1450,825
5,900,0198
0,1200,251
1,1300,251-2
1,1600,813
3,2630,Р940
8,2300,938
0,2910,936
1,2450,8703
2,2410,8704
4,200,
3,480,71021
2,900,0191
5,900,0196
0,620,0856
0,580,0866
1,860,0871
0,500,0830
5,2400,969
2,550,0863
4,420,0865
0,390,0872
0,2740,8560
1,2100,8690
0,1600,8687
2,1450,8697
5,1420,8702
6,1300,8695
4,950,8699
9,200,7901-2
2,1980,840
3,3350,726
0,0,
1,1200,25114-1
1,1200,25114-2
2,1130,407
1,990,836
0,1620,3772
2,2800,688
0,2100,L383
0,1510,L384
0,1740,33388
0,200,0608
1,350,0332
0,310,0776
1,200,0340
2,220,0360
1,380,0361
0,310,0526
0,220,0560
1,300,0564
1,270,0803
0,80,0813
0,90,0810
3,180,0811
0,200,0596
2,320,1080
2,130,0177
0,120,1153
2,75,1097
0,250,1076
10,30,1138
0,1680,2208
12,25,V016
7,25,V017
0,950,0120
1,240,0303
2,970,6134
1,1050,2796
1,1080,2663-1
1,1080,2663-2
8,2740,8607
4,3020,8605
1,760,168
0,2860,684
0,1400,67890
2,3400,31150
14,25,0474
28,25,0472
8,1950,31189
5,900,0183
3,1400,0182
0,340,229
0,280,049
2,200,042
0,340,340
4,760,581
0,670,382
2,280,10-26
3,250,10-15
15,780,132-1
13,780,132-2
3,2250,2035
0,2070,2048
6,3250,2031
0,5600,481
0,2020,2030
4,2740,2013
4,2200,2043
4,1750,2037
3,1980,2032
6,2350,2073
2,1960,5415
0,1540,1268
4,1950,680
3,2250,7405
3,980,8693
1,650,3045
1,650,3046
2,2020,315
2,1900,914
1,2020,8088
2,1850,6128
1,960,1059
3,3750,2014
29,450,497
7,1750,Y292
0,200,0607
0,320,0438
2,3500,H8855
0,2800,P709
4,1950,8762
2,2550,8757
4,2520,8746
5,1740,8744
5,1750,8710
10,750,70337
9,750,70306
7,750,70327
3,2450,8748
8,1980,9160
5,1510,623
3,1510,623-1
0,1510,623-2
0,810,743-1
0,810,743-2
2,1950,741
1,1950,741-1
1,1950,741-2
1,2020,740
2,2230,744
1,770,747
2,1950,746
1,3640,749
0,1850,
0,2020,
0,2070,
0,1900,
0,1960,
6,2700,Y331
0,1400,
0,2410,
0,1400,
0,1290,
0,1460,
-1,1460,
0,1790,
0,2580,
1,2300,Y397
10,2650,Y395
1,2500,Y403
9,1570,Y610
5,1650,Y069
9,1350,Y552
0,5830,0911
0,2350,0978
4,680,207
3,680,207-1
4,600,70377
4,450,73048
4,550,0882
4,550,0849
1,650,0867
3,650,0780
2,550,0838
1,950,752
1,2070,Y837
12,2500,Y448
2,1510,Y992
1,2460,Y5334
2,2860,Y533
0,1740,
0,3190,707
9,1570,Y251
10,2750,Y450
0,2020,575
0,2020,099
2,1050,3116
0,2180,5090
-1,2860,765
0,2740,879
0,2580,NB897
0,2070,908
0,2180,NB094
0,3500,NB044
0,2520,488
1,1200,333-1
0,2020,4079
0,2520,7689
0,2070,5557
0,8430,7090
2,550,90-1
0,9490,8879
1,2630,
0,6890,N0954
3,2560,289
1,3700,8807
2,3150,12005
2,520,982-1
1,520,982-2
1,840,982-3
2,1500,2960
1,1290,3723
0,1400,1889
1,2300,786
1,1230,939
3,450,SW15
1,18000,1111
1,1,1212
2,2200,2044
0,1,
0,720,0161
2,990,0168
2,1350,1019
0,1700,4704
2,1450,8694
0,1950,9009
0,860,0146
2,2650,8563
3,950,8591
6,1100,8770
0,2550,8729
1,2800,571
1,1750,5201
1,3450,8665
6,1200,8714
14,650,1155-1
10,650,1155-2
4,700,8747
2,920,0107
1,1300,0137
2,700,3152-3
1,700,3152-2
1,990,12-1901
1,480,HP14
1,450,EP100
0,2350,Y827
7,2320,Y3740
6,2400,Y031
8,1950,Y731
5,760,1158-2
4,760,1158-1
3,880,0126
2,350,911
1,1000,0156
2,950,0148
0,650,0134
0,800,0188
1,250,7088-3
4,1150,8772
9,350,1121-2
5,350,1121-1
5,350,1121-3
6,3250,8731
2,1250,8735
4,1100,8755
3,1450,8756
1,2450,539
4,1650,8708
1,900,90787
1,3950,755
0,360,0896
3,600,0894
3,600,0892
5,600,0891
4,550,0879
5,650,0877
4,500,0876
4,750,70393
5,750,73077
4,750,70347-3
2,990,0127
2,860,0132
10,1680,Y700-1
9,2700,Y7500-2
8,1700,278-2
2,1480,279-1
2,950,1257
1,1450,2563
1,1200,342
0,390,3091
5,450,385-1
10,1250,589
1,1200,750
1,1630,742
1,550,0862
2,1300,0713
2,2200,0676
3,1100,1128
4,1100,1127
1,1600,L113
4,1200,L114
0,1120,2833
4,1850,Y3873
1,1450,2563-2
1,890,451-3
1,870,485
1,1250,368
1,1300,405
2,1450,2639
1,500,2646
2,520,2646-1
2,1650,5296
1,1500,5282
1,1450,913
1,1200,3193
1,720,2213
-6,1570,Y617
1,1550,420
0,320,H3
4,200,29
1,680,496
1,2500,665
2,1780,644
2,1370,702
1,2100,548
2,1300,2536
1,840,256
1,840,256-1
1,840,256-2
1,2300,6146
1,2100,H135
1,1550,HU106
2,1570,1940
2,2150,711
0,1350,9147
1,1600,641
1,1600,641-2
1,1600,641-3
1,1600,641-4
1,1600,641-5
1,1600,641-6
1,1300,468
1,2450,725
2,1300,468-2
0,1300,468-1
1,1300,468-3
1,1600,649
3,450,531
2,9100,2015
1,8100,777
1,8100,777-2
11,4200,2015-3
2,2250,244
0,2450,17-97
3,6250,011-25
1,3700,727
0,6450,25-225
1,7500,30-355
1,1350,6656
2,450,986
3,220,1042
3,220,1042-1
3,160,1042-2
3,90,1042-3
3,90,1042-4
4,560,0981-1
4,560,0973
2,1200,79590
1,1350,41115
1,1300,4102
1,1300,4103
1,1560,4196
2,1250,9118
1,1450,2516
